"TIME","GEO","DURATION","UNIT","Value","Flag and Footnotes"
"2005","Belgium","Less than 1 year","Number","119",""
"2005","Belgium","Less than 5 years","Number","4,098",""
"2005","Belgium","10 years","Number","1,284",""
"2005","Belgium","20 years","Number","799",""
"2005","Belgium","30 years or over","Number","2,625",""
"2005","Bulgaria","Less than 1 year","Number","31",""
"2005","Bulgaria","Less than 5 years","Number","1,723",""
"2005","Bulgaria","10 years","Number","529",""
"2005","Bulgaria","20 years","Number","470",""
"2005","Bulgaria","30 years or over","Number","934",""
"2005","Czech Republic","Less than 1 year","Number","0",""
"2005","Czech Republic","Less than 5 years","Number","4,769",""
"2005","Czech Republic","10 years","Number","1,126",""
"2005","Czech Republic","20 years","Number","953",""
"2005","Czech Republic","30 years or over","Number","1,751",""
"2005","Denmark","Less than 1 year","Number","169",""
"2005","Denmark","Less than 5 years","Number","3,974",""
"2005","Denmark","10 years","Number","656",""
"2005","Denmark","20 years","Number","259",""
"2005","Denmark","30 years or over","Number","777",""
"2005","Germany (including former GDR)","Less than 1 year","Number","59",""
"2005","Germany (including former GDR)","Less than 5 years","Number","25,219",""
"2005","Germany (including former GDR)","10 years","Number","8,958",""
"2005","Germany (including former GDR)","20 years","Number","5,311",""
"2005","Germany (including former GDR)","30 years or over","Number","11,651",""
"2005","Estonia","Less than 1 year","Number","27",""
"2005","Estonia","Less than 5 years","Number","847",""
"2005","Estonia","10 years","Number","144",""
"2005","Estonia","20 years","Number","115",""
"2005","Estonia","30 years or over","Number","237",""
"2005","Ireland","Less than 1 year","Number",":",""
"2005","Ireland","Less than 5 years","Number",":",""
"2005","Ireland","10 years","Number",":",""
"2005","Ireland","20 years","Number",":",""
"2005","Ireland","30 years or over","Number",":",""
"2005","Greece","Less than 1 year","Number","2",""
"2005","Greece","Less than 5 years","Number","2,191",""
"2005","Greece","10 years","Number","632",""
"2005","Greece","20 years","Number","306",""
"2005","Greece","30 years or over","Number","797",""
"2005","Spain","Less than 1 year","Number","0",""
"2005","Spain","Less than 5 years","Number","9,639",""
"2005","Spain","10 years","Number","2,796",""
"2005","Spain","20 years","Number","1,571",""
"2005","Spain","30 years or over","Number","6,410",""
"2005","France","Less than 1 year","Number",":",""
"2005","France","Less than 5 years","Number",":",""
"2005","France","10 years","Number",":",""
"2005","France","20 years","Number",":",""
"2005","France","30 years or over","Number",":",""
"2005","France (metropolitan)","Less than 1 year","Number","117",""
"2005","France (metropolitan)","Less than 5 years","Number","26,542",""
"2005","France (metropolitan)","10 years","Number","5,674",""
"2005","France (metropolitan)","20 years","Number","3,182",""
"2005","France (metropolitan)","30 years or over","Number","14,033",""
"2005","Croatia","Less than 1 year","Number","28",""
"2005","Croatia","Less than 5 years","Number","855",""
"2005","Croatia","10 years","Number","201",""
"2005","Croatia","20 years","Number","144",""
"2005","Croatia","30 years or over","Number","386",""
"2005","Italy","Less than 1 year","Number","0",""
"2005","Italy","Less than 5 years","Number","258",""
"2005","Italy","10 years","Number","2,543",""
"2005","Italy","20 years","Number","1,288",""
"2005","Italy","30 years or over","Number","6,022",""
"2005","Cyprus","Less than 1 year","Number","29",""
"2005","Cyprus","Less than 5 years","Number","440",""
"2005","Cyprus","10 years","Number","56",""
"2005","Cyprus","20 years","Number","28",""
"2005","Cyprus","30 years or over","Number","84",""
"2005","Latvia","Less than 1 year","Number","19",""
"2005","Latvia","Less than 5 years","Number","1,008",""
"2005","Latvia","10 years","Number","280",""
"2005","Latvia","20 years","Number","165",""
"2005","Latvia","30 years or over","Number","243",""
"2005","Lithuania","Less than 1 year","Number","29",""
"2005","Lithuania","Less than 5 years","Number","1,666",""
"2005","Lithuania","10 years","Number","494",""
"2005","Lithuania","20 years","Number","293",""
"2005","Lithuania","30 years or over","Number","547",""
"2005","Luxembourg","Less than 1 year","Number","0",""
"2005","Luxembourg","Less than 5 years","Number","148",""
"2005","Luxembourg","10 years","Number","51",""
"2005","Luxembourg","20 years","Number","23",""
"2005","Luxembourg","30 years or over","Number","55",""
"2005","Hungary","Less than 1 year","Number","60",""
"2005","Hungary","Less than 5 years","Number","4,069",""
"2005","Hungary","10 years","Number","1,079",""
"2005","Hungary","20 years","Number","660",""
"2005","Hungary","30 years or over","Number","1,504",""
"2005","Malta","Less than 1 year","Number",":",""
"2005","Malta","Less than 5 years","Number",":",""
"2005","Malta","10 years","Number",":",""
"2005","Malta","20 years","Number",":",""
"2005","Malta","30 years or over","Number",":",""
"2005","Netherlands","Less than 1 year","Number","225",""
"2005","Netherlands","Less than 5 years","Number","5,435",""
"2005","Netherlands","10 years","Number","1,275",""
"2005","Netherlands","20 years","Number","782",""
"2005","Netherlands","30 years or over","Number","2,331",""
"2005","Austria","Less than 1 year","Number","101",""
"2005","Austria","Less than 5 years","Number","5,363",""
"2005","Austria","10 years","Number","694",""
"2005","Austria","20 years","Number","384",""
"2005","Austria","30 years or over","Number","991",""
"2005","Poland","Less than 1 year","Number","10",""
"2005","Poland","Less than 5 years","Number","7,629",""
"2005","Poland","10 years","Number","2,657",""
"2005","Poland","20 years","Number","2,072",""
"2005","Poland","30 years or over","Number","3,986",""
"2005","Portugal","Less than 1 year","Number","99",""
"2005","Portugal","Less than 5 years","Number","3,626",""
"2005","Portugal","10 years","Number","909",""
"2005","Portugal","20 years","Number","516",""
"2005","Portugal","30 years or over","Number","2,096",""
"2005","Romania","Less than 1 year","Number","237",""
"2005","Romania","Less than 5 years","Number","8,097",""
"2005","Romania","10 years","Number","1,323",""
"2005","Romania","20 years","Number","666",""
"2005","Romania","30 years or over","Number","1,438",""
"2005","Slovenia","Less than 1 year","Number","5",""
"2005","Slovenia","Less than 5 years","Number","318",""
"2005","Slovenia","10 years","Number","95",""
"2005","Slovenia","20 years","Number","80",""
"2005","Slovenia","30 years or over","Number","263",""
"2005","Slovakia","Less than 1 year","Number","15",""
"2005","Slovakia","Less than 5 years","Number","1,428",""
"2005","Slovakia","10 years","Number","479",""
"2005","Slovakia","20 years","Number","365",""
"2005","Slovakia","30 years or over","Number","663",""
"2005","Finland","Less than 1 year","Number","18",""
"2005","Finland","Less than 5 years","Number","2,771",""
"2005","Finland","10 years","Number","445",""
"2005","Finland","20 years","Number","331",""
"2005","Finland","30 years or over","Number","1,144",""
"2005","Sweden","Less than 1 year","Number","115",""
"2005","Sweden","Less than 5 years","Number","4,630",""
"2005","Sweden","10 years","Number","677",""
"2005","Sweden","20 years","Number","449",""
"2005","Sweden","30 years or over","Number","1,274",""
"2005","United Kingdom","Less than 1 year","Number","52",""
"2005","United Kingdom","Less than 5 years","Number","26,207",""
"2005","United Kingdom","10 years","Number","6,532",""
"2005","United Kingdom","20 years","Number","3,684",""
"2005","United Kingdom","30 years or over","Number","11,180",""
"2005","Iceland","Less than 1 year","Number","4",""
"2005","Iceland","Less than 5 years","Number","114",""
"2005","Iceland","10 years","Number","21",""
"2005","Iceland","20 years","Number","12",""
"2005","Iceland","30 years or over","Number","53",""
"2005","Liechtenstein","Less than 1 year","Number",":",""
"2005","Liechtenstein","Less than 5 years","Number",":",""
"2005","Liechtenstein","10 years","Number",":",""
"2005","Liechtenstein","20 years","Number",":",""
"2005","Liechtenstein","30 years or over","Number",":",""
"2005","Norway","Less than 1 year","Number","1",""
"2005","Norway","Less than 5 years","Number","1,729",""
"2005","Norway","10 years","Number","436",""
"2005","Norway","20 years","Number","257",""
"2005","Norway","30 years or over","Number","870",""
"2005","Switzerland","Less than 1 year","Number","19",""
"2005","Switzerland","Less than 5 years","Number","2,174",""
"2005","Switzerland","10 years","Number","951",""
"2005","Switzerland","20 years","Number","539",""
"2005","Switzerland","30 years or over","Number","1,615",""
"2006","Belgium","Less than 1 year","Number","124",""
"2006","Belgium","Less than 5 years","Number","4,097",""
"2006","Belgium","10 years","Number","1,182",""
"2006","Belgium","20 years","Number","706",""
"2006","Belgium","30 years or over","Number","2,665",""
"2006","Bulgaria","Less than 1 year","Number","45",""
"2006","Bulgaria","Less than 5 years","Number","1,945",""
"2006","Bulgaria","10 years","Number","574",""
"2006","Bulgaria","20 years","Number","495",""
"2006","Bulgaria","30 years or over","Number","944",""
"2006","Czech Republic","Less than 1 year","Number","0",""
"2006","Czech Republic","Less than 5 years","Number","4,933",""
"2006","Czech Republic","10 years","Number","1,178",""
"2006","Czech Republic","20 years","Number","915",""
"2006","Czech Republic","30 years or over","Number","1,765",""
"2006","Denmark","Less than 1 year","Number",":",""
"2006","Denmark","Less than 5 years","Number",":",""
"2006","Denmark","10 years","Number",":",""
"2006","Denmark","20 years","Number",":",""
"2006","Denmark","30 years or over","Number",":",""
"2006","Germany (including former GDR)","Less than 1 year","Number","47",""
"2006","Germany (including former GDR)","Less than 5 years","Number","23,646",""
"2006","Germany (including former GDR)","10 years","Number","8,278",""
"2006","Germany (including former GDR)","20 years","Number","5,202",""
"2006","Germany (including former GDR)","30 years or over","Number","11,595",""
"2006","Estonia","Less than 1 year","Number","27",""
"2006","Estonia","Less than 5 years","Number","824",""
"2006","Estonia","10 years","Number","94",""
"2006","Estonia","20 years","Number","120",""
"2006","Estonia","30 years or over","Number","237",""
"2006","Ireland","Less than 1 year","Number",":",""
"2006","Ireland","Less than 5 years","Number",":",""
"2006","Ireland","10 years","Number",":",""
"2006","Ireland","20 years","Number",":",""
"2006","Ireland","30 years or over","Number",":",""
"2006","Greece","Less than 1 year","Number","1",""
"2006","Greece","Less than 5 years","Number","2,054",""
"2006","Greece","10 years","Number","486",""
"2006","Greece","20 years","Number","302",""
"2006","Greece","30 years or over","Number","840",""
"2006","Spain","Less than 1 year","Number","270",""
"2006","Spain","Less than 5 years","Number","18,727",""
"2006","Spain","10 years","Number","4,580",""
"2006","Spain","20 years","Number","3,038",""
"2006","Spain","30 years or over","Number","12,032",""
"2006","France","Less than 1 year","Number","139",""
"2006","France","Less than 5 years","Number","22,999",""
"2006","France","10 years","Number","5,558",""
"2006","France","20 years","Number","3,059",""
"2006","France","30 years or over","Number","14,240",""
"2006","France (metropolitan)","Less than 1 year","Number","138",""
"2006","France (metropolitan)","Less than 5 years","Number","22,775",""
"2006","France (metropolitan)","10 years","Number","5,400",""
"2006","France (metropolitan)","20 years","Number","2,970",""
"2006","France (metropolitan)","30 years or over","Number","13,909",""
"2006","Croatia","Less than 1 year","Number","28",""
"2006","Croatia","Less than 5 years","Number","855",""
"2006","Croatia","10 years","Number","169",""
"2006","Croatia","20 years","Number","115",""
"2006","Croatia","30 years or over","Number","406",""
"2006","Italy","Less than 1 year","Number","0",""
"2006","Italy","Less than 5 years","Number","267",""
"2006","Italy","10 years","Number","2,378",""
"2006","Italy","20 years","Number","1,504",""
"2006","Italy","30 years or over","Number","6,411",""
"2006","Cyprus","Less than 1 year","Number","12",""
"2006","Cyprus","Less than 5 years","Number","559",""
"2006","Cyprus","10 years","Number","43",""
"2006","Cyprus","20 years","Number","31",""
"2006","Cyprus","30 years or over","Number","96",""
"2006","Latvia","Less than 1 year","Number","24",""
"2006","Latvia","Less than 5 years","Number","1,158",""
"2006","Latvia","10 years","Number","273",""
"2006","Latvia","20 years","Number","219",""
"2006","Latvia","30 years or over","Number","295",""
"2006","Lithuania","Less than 1 year","Number","52",""
"2006","Lithuania","Less than 5 years","Number","1,843",""
"2006","Lithuania","10 years","Number","450",""
"2006","Lithuania","20 years","Number","326",""
"2006","Lithuania","30 years or over","Number","572",""
"2006","Luxembourg","Less than 1 year","Number","3",""
"2006","Luxembourg","Less than 5 years","Number","157",""
"2006","Luxembourg","10 years","Number","48",""
"2006","Luxembourg","20 years","Number","22",""
"2006","Luxembourg","30 years or over","Number","74",""
"2006","Hungary","Less than 1 year","Number","72",""
"2006","Hungary","Less than 5 years","Number","4,175",""
"2006","Hungary","10 years","Number","982",""
"2006","Hungary","20 years","Number","658",""
"2006","Hungary","30 years or over","Number","1,573",""
"2006","Malta","Less than 1 year","Number",":",""
"2006","Malta","Less than 5 years","Number",":",""
"2006","Malta","10 years","Number",":",""
"2006","Malta","20 years","Number",":",""
"2006","Malta","30 years or over","Number",":",""
"2006","Netherlands","Less than 1 year","Number","88",""
"2006","Netherlands","Less than 5 years","Number","5,080",""
"2006","Netherlands","10 years","Number","1,248",""
"2006","Netherlands","20 years","Number","848",""
"2006","Netherlands","30 years or over","Number","2,450",""
"2006","Austria","Less than 1 year","Number","91",""
"2006","Austria","Less than 5 years","Number","5,961",""
"2006","Austria","10 years","Number","699",""
"2006","Austria","20 years","Number","394",""
"2006","Austria","30 years or over","Number","1,106",""
"2006","Poland","Less than 1 year","Number","34",""
"2006","Poland","Less than 5 years","Number","8,710",""
"2006","Poland","10 years","Number","2,850",""
"2006","Poland","20 years","Number","1,999",""
"2006","Poland","30 years or over","Number","5,093",""
"2006","Portugal","Less than 1 year","Number","116",""
"2006","Portugal","Less than 5 years","Number","3,546",""
"2006","Portugal","10 years","Number","924",""
"2006","Portugal","20 years","Number","595",""
"2006","Portugal","30 years or over","Number","2,269",""
"2006","Romania","Less than 1 year","Number","224",""
"2006","Romania","Less than 5 years","Number","7,956",""
"2006","Romania","10 years","Number","1,344",""
"2006","Romania","20 years","Number","704",""
"2006","Romania","30 years or over","Number","1,478",""
"2006","Slovenia","Less than 1 year","Number","9",""
"2006","Slovenia","Less than 5 years","Number","286",""
"2006","Slovenia","10 years","Number","81",""
"2006","Slovenia","20 years","Number","74",""
"2006","Slovenia","30 years or over","Number","267",""
"2006","Slovakia","Less than 1 year","Number","14",""
"2006","Slovakia","Less than 5 years","Number","1,541",""
"2006","Slovakia","10 years","Number","459",""
"2006","Slovakia","20 years","Number","409",""
"2006","Slovakia","30 years or over","Number","765",""
"2006","Finland","Less than 1 year","Number","12",""
"2006","Finland","Less than 5 years","Number","2,952",""
"2006","Finland","10 years","Number","443",""
"2006","Finland","20 years","Number","286",""
"2006","Finland","30 years or over","Number","1,205",""
"2006","Sweden","Less than 1 year","Number","117",""
"2006","Sweden","Less than 5 years","Number","5,021",""
"2006","Sweden","10 years","Number","656",""
"2006","Sweden","20 years","Number","401",""
"2006","Sweden","30 years or over","Number","1,208",""
"2006","United Kingdom","Less than 1 year","Number","38",""
"2006","United Kingdom","Less than 5 years","Number","24,664",""
"2006","United Kingdom","10 years","Number","6,189",""
"2006","United Kingdom","20 years","Number","3,704",""
"2006","United Kingdom","30 years or over","Number","11,135",""
"2006","Iceland","Less than 1 year","Number","1",""
"2006","Iceland","Less than 5 years","Number","86",""
"2006","Iceland","10 years","Number","20",""
"2006","Iceland","20 years","Number","6",""
"2006","Iceland","30 years or over","Number","49",""
"2006","Liechtenstein","Less than 1 year","Number","0",""
"2006","Liechtenstein","Less than 5 years","Number","8",""
"2006","Liechtenstein","10 years","Number","3",""
"2006","Liechtenstein","20 years","Number","3",""
"2006","Liechtenstein","30 years or over","Number","4",""
"2006","Norway","Less than 1 year","Number","1",""
"2006","Norway","Less than 5 years","Number","1,661",""
"2006","Norway","10 years","Number","445",""
"2006","Norway","20 years","Number","232",""
"2006","Norway","30 years or over","Number","970",""
"2006","Switzerland","Less than 1 year","Number","8",""
"2006","Switzerland","Less than 5 years","Number","2,122",""
"2006","Switzerland","10 years","Number","876",""
"2006","Switzerland","20 years","Number","573",""
"2006","Switzerland","30 years or over","Number","1,613",""
"2007","Belgium","Less than 1 year","Number","63",""
"2007","Belgium","Less than 5 years","Number","4,565",""
"2007","Belgium","10 years","Number","1,123",""
"2007","Belgium","20 years","Number","718",""
"2007","Belgium","30 years or over","Number","2,947",""
"2007","Bulgaria","Less than 1 year","Number","42",""
"2007","Bulgaria","Less than 5 years","Number","2,162",""
"2007","Bulgaria","10 years","Number","635",""
"2007","Bulgaria","20 years","Number","513",""
"2007","Bulgaria","30 years or over","Number","1,123",""
"2007","Czech Republic","Less than 1 year","Number","52",""
"2007","Czech Republic","Less than 5 years","Number","4,740",""
"2007","Czech Republic","10 years","Number","1,204",""
"2007","Czech Republic","20 years","Number","953",""
"2007","Czech Republic","30 years or over","Number","1,913",""
"2007","Denmark","Less than 1 year","Number","142",""
"2007","Denmark","Less than 5 years","Number","2,978",""
"2007","Denmark","10 years","Number","645",""
"2007","Denmark","20 years","Number","286",""
"2007","Denmark","30 years or over","Number","757",""
"2007","Germany (including former GDR)","Less than 1 year","Number","55",""
"2007","Germany (including former GDR)","Less than 5 years","Number","22,712",""
"2007","Germany (including former GDR)","10 years","Number","8,051",""
"2007","Germany (including former GDR)","20 years","Number","5,323",""
"2007","Germany (including former GDR)","30 years or over","Number","12,095",""
"2007","Estonia","Less than 1 year","Number","26",""
"2007","Estonia","Less than 5 years","Number","901",""
"2007","Estonia","10 years","Number","111",""
"2007","Estonia","20 years","Number","131",""
"2007","Estonia","30 years or over","Number","270",""
"2007","Ireland","Less than 1 year","Number",":",""
"2007","Ireland","Less than 5 years","Number",":",""
"2007","Ireland","10 years","Number",":",""
"2007","Ireland","20 years","Number",":",""
"2007","Ireland","30 years or over","Number",":",""
"2007","Greece","Less than 1 year","Number","1",""
"2007","Greece","Less than 5 years","Number","2,033",""
"2007","Greece","10 years","Number","556",""
"2007","Greece","20 years","Number","373",""
"2007","Greece","30 years or over","Number","903",""
"2007","Spain","Less than 1 year","Number","321",""
"2007","Spain","Less than 5 years","Number","17,749",""
"2007","Spain","10 years","Number","4,629",""
"2007","Spain","20 years","Number","3,364",""
"2007","Spain","30 years or over","Number","13,471",""
"2007","France","Less than 1 year","Number","139",""
"2007","France","Less than 5 years","Number","21,030",""
"2007","France","10 years","Number","5,291",""
"2007","France","20 years","Number","2,894",""
"2007","France","30 years or over","Number","14,911",""
"2007","France (metropolitan)","Less than 1 year","Number","137",""
"2007","France (metropolitan)","Less than 5 years","Number","20,715",""
"2007","France (metropolitan)","10 years","Number","5,158",""
"2007","France (metropolitan)","20 years","Number","2,822",""
"2007","France (metropolitan)","30 years or over","Number","14,605",""
"2007","Croatia","Less than 1 year","Number","34",""
"2007","Croatia","Less than 5 years","Number","798",""
"2007","Croatia","10 years","Number","186",""
"2007","Croatia","20 years","Number","118",""
"2007","Croatia","30 years or over","Number","420",""
"2007","Italy","Less than 1 year","Number","0",""
"2007","Italy","Less than 5 years","Number","192",""
"2007","Italy","10 years","Number","2,481",""
"2007","Italy","20 years","Number","1,641",""
"2007","Italy","30 years or over","Number","6,840",""
"2007","Cyprus","Less than 1 year","Number","13",""
"2007","Cyprus","Less than 5 years","Number","462",""
"2007","Cyprus","10 years","Number","63",""
"2007","Cyprus","20 years","Number","28",""
"2007","Cyprus","30 years or over","Number","88",""
"2007","Latvia","Less than 1 year","Number","29",""
"2007","Latvia","Less than 5 years","Number","1,246",""
"2007","Latvia","10 years","Number",":",""
"2007","Latvia","20 years","Number",":",""
"2007","Latvia","30 years or over","Number","360",""
"2007","Lithuania","Less than 1 year","Number","65",""
"2007","Lithuania","Less than 5 years","Number","1,996",""
"2007","Lithuania","10 years","Number","411",""
"2007","Lithuania","20 years","Number","338",""
"2007","Lithuania","30 years or over","Number","575",""
"2007","Luxembourg","Less than 1 year","Number","4",""
"2007","Luxembourg","Less than 5 years","Number","151",""
"2007","Luxembourg","10 years","Number","42",""
"2007","Luxembourg","20 years","Number","20",""
"2007","Luxembourg","30 years or over","Number","69",""
"2007","Hungary","Less than 1 year","Number","62",""
"2007","Hungary","Less than 5 years","Number","4,146",""
"2007","Hungary","10 years","Number","878",""
"2007","Hungary","20 years","Number","632",""
"2007","Hungary","30 years or over","Number","1,663",""
"2007","Malta","Less than 1 year","Number",":",""
"2007","Malta","Less than 5 years","Number",":",""
"2007","Malta","10 years","Number",":",""
"2007","Malta","20 years","Number",":",""
"2007","Malta","30 years or over","Number",":",""
"2007","Netherlands","Less than 1 year","Number","83",""
"2007","Netherlands","Less than 5 years","Number","4,828",""
"2007","Netherlands","10 years","Number","1,250",""
"2007","Netherlands","20 years","Number","852",""
"2007","Netherlands","30 years or over","Number","2,558",""
"2007","Austria","Less than 1 year","Number","67",""
"2007","Austria","Less than 5 years","Number","5,844",""
"2007","Austria","10 years","Number","722",""
"2007","Austria","20 years","Number","717",""
"2007","Austria","30 years or over","Number","1,147",""
"2007","Poland","Less than 1 year","Number","41",""
"2007","Poland","Less than 5 years","Number","9,180",""
"2007","Poland","10 years","Number","2,618",""
"2007","Poland","20 years","Number","1,713",""
"2007","Poland","30 years or over","Number","4,984",""
"2007","Portugal","Less than 1 year","Number","135",""
"2007","Portugal","Less than 5 years","Number","3,726",""
"2007","Portugal","10 years","Number","1,002",""
"2007","Portugal","20 years","Number","673",""
"2007","Portugal","30 years or over","Number","2,603",""
"2007","Romania","Less than 1 year","Number","183",""
"2007","Romania","Less than 5 years","Number","8,638",""
"2007","Romania","10 years","Number","1,448",""
"2007","Romania","20 years","Number","821",""
"2007","Romania","30 years or over","Number","1,778",""
"2007","Slovenia","Less than 1 year","Number","12",""
"2007","Slovenia","Less than 5 years","Number","354",""
"2007","Slovenia","10 years","Number","102",""
"2007","Slovenia","20 years","Number","79",""
"2007","Slovenia","30 years or over","Number","305",""
"2007","Slovakia","Less than 1 year","Number","16",""
"2007","Slovakia","Less than 5 years","Number","1,555",""
"2007","Slovakia","10 years","Number","526",""
"2007","Slovakia","20 years","Number","443",""
"2007","Slovakia","30 years or over","Number","764",""
"2007","Finland","Less than 1 year","Number","24",""
"2007","Finland","Less than 5 years","Number","3,046",""
"2007","Finland","10 years","Number","452",""
"2007","Finland","20 years","Number","285",""
"2007","Finland","30 years or over","Number","663",""
"2007","Sweden","Less than 1 year","Number","120",""
"2007","Sweden","Less than 5 years","Number","5,292",""
"2007","Sweden","10 years","Number","617",""
"2007","Sweden","20 years","Number","467",""
"2007","Sweden","30 years or over","Number","1,144",""
"2007","United Kingdom","Less than 1 year","Number","41",""
"2007","United Kingdom","Less than 5 years","Number","24,311",""
"2007","United Kingdom","10 years","Number","6,093",""
"2007","United Kingdom","20 years","Number","3,540",""
"2007","United Kingdom","30 years or over","Number","10,881",""
"2007","Iceland","Less than 1 year","Number","3",""
"2007","Iceland","Less than 5 years","Number","112",""
"2007","Iceland","10 years","Number","16",""
"2007","Iceland","20 years","Number","10",""
"2007","Iceland","30 years or over","Number","45",""
"2007","Liechtenstein","Less than 1 year","Number","0",""
"2007","Liechtenstein","Less than 5 years","Number","23",""
"2007","Liechtenstein","10 years","Number","2",""
"2007","Liechtenstein","20 years","Number","3",""
"2007","Liechtenstein","30 years or over","Number","6",""
"2007","Norway","Less than 1 year","Number","4",""
"2007","Norway","Less than 5 years","Number","1,473",""
"2007","Norway","10 years","Number","421",""
"2007","Norway","20 years","Number","213",""
"2007","Norway","30 years or over","Number","909",""
"2007","Switzerland","Less than 1 year","Number","13",""
"2007","Switzerland","Less than 5 years","Number","2,163",""
"2007","Switzerland","10 years","Number","822",""
"2007","Switzerland","20 years","Number","595",""
"2007","Switzerland","30 years or over","Number","1,527",""
"2008","Belgium","Less than 1 year","Number","71",""
"2008","Belgium","Less than 5 years","Number","5,823",""
"2008","Belgium","10 years","Number","1,186",""
"2008","Belgium","20 years","Number","886",""
"2008","Belgium","30 years or over","Number","3,691",""
"2008","Bulgaria","Less than 1 year","Number","36",""
"2008","Bulgaria","Less than 5 years","Number","1,945",""
"2008","Bulgaria","10 years","Number","532",""
"2008","Bulgaria","20 years","Number","480",""
"2008","Bulgaria","30 years or over","Number","980",""
"2008","Czech Republic","Less than 1 year","Number","56",""
"2008","Czech Republic","Less than 5 years","Number","5,172",""
"2008","Czech Republic","10 years","Number","1,151",""
"2008","Czech Republic","20 years","Number","1,013",""
"2008","Czech Republic","30 years or over","Number","2,025",""
"2008","Denmark","Less than 1 year","Number","187",""
"2008","Denmark","Less than 5 years","Number","3,299",""
"2008","Denmark","10 years","Number","641",""
"2008","Denmark","20 years","Number","313",""
"2008","Denmark","30 years or over","Number","769",""
"2008","Germany (including former GDR)","Less than 1 year","Number","39",""
"2008","Germany (including former GDR)","Less than 5 years","Number","22,554",""
"2008","Germany (including former GDR)","10 years","Number","8,355",""
"2008","Germany (including former GDR)","20 years","Number","5,654",""
"2008","Germany (including former GDR)","30 years or over","Number","12,682",""
"2008","Estonia","Less than 1 year","Number","25",""
"2008","Estonia","Less than 5 years","Number","869",""
"2008","Estonia","10 years","Number","95",""
"2008","Estonia","20 years","Number","111",""
"2008","Estonia","30 years or over","Number","226",""
"2008","Ireland","Less than 1 year","Number",":",""
"2008","Ireland","Less than 5 years","Number",":",""
"2008","Ireland","10 years","Number",":",""
"2008","Ireland","20 years","Number",":",""
"2008","Ireland","30 years or over","Number",":",""
"2008","Greece","Less than 1 year","Number","2",""
"2008","Greece","Less than 5 years","Number","2,082",""
"2008","Greece","10 years","Number","516",""
"2008","Greece","20 years","Number","287",""
"2008","Greece","30 years or over","Number","985",""
"2008","Spain","Less than 1 year","Number","244",""
"2008","Spain","Less than 5 years","Number","15,723",""
"2008","Spain","10 years","Number","4,259",""
"2008","Spain","20 years","Number","2,946",""
"2008","Spain","30 years or over","Number","12,443",""
"2008","France","Less than 1 year","Number","149",""
"2008","France","Less than 5 years","Number","18,973",""
"2008","France","10 years","Number","5,279",""
"2008","France","20 years","Number","2,914",""
"2008","France","30 years or over","Number","15,126",""
"2008","France (metropolitan)","Less than 1 year","Number","145",""
"2008","France (metropolitan)","Less than 5 years","Number","18,678",""
"2008","France (metropolitan)","10 years","Number","5,152",""
"2008","France (metropolitan)","20 years","Number","2,837",""
"2008","France (metropolitan)","30 years or over","Number","14,794",""
"2008","Croatia","Less than 1 year","Number","22",""
"2008","Croatia","Less than 5 years","Number","893",""
"2008","Croatia","10 years","Number","171",""
"2008","Croatia","20 years","Number","133",""
"2008","Croatia","30 years or over","Number","456",""
"2008","Italy","Less than 1 year","Number","0",""
"2008","Italy","Less than 5 years","Number","239",""
"2008","Italy","10 years","Number","2,656",""
"2008","Italy","20 years","Number","1,777",""
"2008","Italy","30 years or over","Number","7,603",""
"2008","Cyprus","Less than 1 year","Number","20",""
"2008","Cyprus","Less than 5 years","Number","478",""
"2008","Cyprus","10 years","Number","68",""
"2008","Cyprus","20 years","Number","21",""
"2008","Cyprus","30 years or over","Number","83",""
"2008","Latvia","Less than 1 year","Number","24",""
"2008","Latvia","Less than 5 years","Number","1,243",""
"2008","Latvia","10 years","Number","195",""
"2008","Latvia","20 years","Number","225",""
"2008","Latvia","30 years or over","Number","336",""
"2008","Lithuania","Less than 1 year","Number","78",""
"2008","Lithuania","Less than 5 years","Number","2,100",""
"2008","Lithuania","10 years","Number","373",""
"2008","Lithuania","20 years","Number","290",""
"2008","Lithuania","30 years or over","Number","543",""
"2008","Luxembourg","Less than 1 year","Number","0",""
"2008","Luxembourg","Less than 5 years","Number","142",""
"2008","Luxembourg","10 years","Number","57",""
"2008","Luxembourg","20 years","Number","25",""
"2008","Luxembourg","30 years or over","Number","64",""
"2008","Hungary","Less than 1 year","Number","53",""
"2008","Hungary","Less than 5 years","Number","3,989",""
"2008","Hungary","10 years","Number","934",""
"2008","Hungary","20 years","Number","726",""
"2008","Hungary","30 years or over","Number","1,822",""
"2008","Malta","Less than 1 year","Number",":",""
"2008","Malta","Less than 5 years","Number",":",""
"2008","Malta","10 years","Number",":",""
"2008","Malta","20 years","Number",":",""
"2008","Malta","30 years or over","Number",":",""
"2008","Netherlands","Less than 1 year","Number","70",""
"2008","Netherlands","Less than 5 years","Number","4,701",""
"2008","Netherlands","10 years","Number","1,325",""
"2008","Netherlands","20 years","Number","877",""
"2008","Netherlands","30 years or over","Number","2,592",""
"2008","Austria","Less than 1 year","Number","85",""
"2008","Austria","Less than 5 years","Number","4,965",""
"2008","Austria","10 years","Number","671",""
"2008","Austria","20 years","Number","327",""
"2008","Austria","30 years or over","Number","1,140",""
"2008","Poland","Less than 1 year","Number","35",""
"2008","Poland","Less than 5 years","Number","9,593",""
"2008","Poland","10 years","Number","2,778",""
"2008","Poland","20 years","Number","1,688",""
"2008","Poland","30 years or over","Number","5,175",""
"2008","Portugal","Less than 1 year","Number",":",""
"2008","Portugal","Less than 5 years","Number",":",""
"2008","Portugal","10 years","Number",":",""
"2008","Portugal","20 years","Number",":",""
"2008","Portugal","30 years or over","Number",":",""
"2008","Romania","Less than 1 year","Number","141",""
"2008","Romania","Less than 5 years","Number","8,295",""
"2008","Romania","10 years","Number","1,462",""
"2008","Romania","20 years","Number","872",""
"2008","Romania","30 years or over","Number","1,907",""
"2008","Slovenia","Less than 1 year","Number","7",""
"2008","Slovenia","Less than 5 years","Number","307",""
"2008","Slovenia","10 years","Number","71",""
"2008","Slovenia","20 years","Number","67",""
"2008","Slovenia","30 years or over","Number","249",""
"2008","Slovakia","Less than 1 year","Number","21",""
"2008","Slovakia","Less than 5 years","Number","1,651",""
"2008","Slovakia","10 years","Number","481",""
"2008","Slovakia","20 years","Number","428",""
"2008","Slovakia","30 years or over","Number","786",""
"2008","Finland","Less than 1 year","Number","25",""
"2008","Finland","Less than 5 years","Number","3,106",""
"2008","Finland","10 years","Number","509",""
"2008","Finland","20 years","Number","293",""
"2008","Finland","30 years or over","Number","1,142",""
"2008","Sweden","Less than 1 year","Number","137",""
"2008","Sweden","Less than 5 years","Number","5,756",""
"2008","Sweden","10 years","Number","631",""
"2008","Sweden","20 years","Number","471",""
"2008","Sweden","30 years or over","Number","1,130",""
"2008","United Kingdom","Less than 1 year","Number","28",""
"2008","United Kingdom","Less than 5 years","Number","22,865",""
"2008","United Kingdom","10 years","Number","5,469",""
"2008","United Kingdom","20 years","Number","3,448",""
"2008","United Kingdom","30 years or over","Number","10,448",""
"2008","Iceland","Less than 1 year","Number","0",""
"2008","Iceland","Less than 5 years","Number","118",""
"2008","Iceland","10 years","Number","26",""
"2008","Iceland","20 years","Number","9",""
"2008","Iceland","30 years or over","Number","32",""
"2008","Liechtenstein","Less than 1 year","Number",":",""
"2008","Liechtenstein","Less than 5 years","Number",":",""
"2008","Liechtenstein","10 years","Number",":",""
"2008","Liechtenstein","20 years","Number",":",""
"2008","Liechtenstein","30 years or over","Number",":",""
"2008","Norway","Less than 1 year","Number","0",""
"2008","Norway","Less than 5 years","Number","1,370",""
"2008","Norway","10 years","Number","393",""
"2008","Norway","20 years","Number","226",""
"2008","Norway","30 years or over","Number","918",""
"2008","Switzerland","Less than 1 year","Number","11",""
"2008","Switzerland","Less than 5 years","Number","2,037",""
"2008","Switzerland","10 years","Number","779",""
"2008","Switzerland","20 years","Number","549",""
"2008","Switzerland","30 years or over","Number","1,514",""
"2009","Belgium","Less than 1 year","Number","73",""
"2009","Belgium","Less than 5 years","Number","5,398",""
"2009","Belgium","10 years","Number","1,195",""
"2009","Belgium","20 years","Number","886",""
"2009","Belgium","30 years or over","Number","3,204",""
"2009","Bulgaria","Less than 1 year","Number","45",""
"2009","Bulgaria","Less than 5 years","Number","1,766",""
"2009","Bulgaria","10 years","Number","454",""
"2009","Bulgaria","20 years","Number","406",""
"2009","Bulgaria","30 years or over","Number","864",""
"2009","Czech Republic","Less than 1 year","Number","54",""
"2009","Czech Republic","Less than 5 years","Number","4,848",""
"2009","Czech Republic","10 years","Number","1,044",""
"2009","Czech Republic","20 years","Number","917",""
"2009","Czech Republic","30 years or over","Number","1,856",""
"2009","Denmark","Less than 1 year","Number","172",""
"2009","Denmark","Less than 5 years","Number","3,578",""
"2009","Denmark","10 years","Number","635",""
"2009","Denmark","20 years","Number","299",""
"2009","Denmark","30 years or over","Number","840",""
"2009","Germany (including former GDR)","Less than 1 year","Number","41",""
"2009","Germany (including former GDR)","Less than 5 years","Number","21,603",""
"2009","Germany (including former GDR)","10 years","Number","8,366",""
"2009","Germany (including former GDR)","20 years","Number","5,657",""
"2009","Germany (including former GDR)","30 years or over","Number","12,889",""
"2009","Estonia","Less than 1 year","Number","26",""
"2009","Estonia","Less than 5 years","Number","868",""
"2009","Estonia","10 years","Number","103",""
"2009","Estonia","20 years","Number","105",""
"2009","Estonia","30 years or over","Number","238",""
"2009","Ireland","Less than 1 year","Number",":",""
"2009","Ireland","Less than 5 years","Number",":",""
"2009","Ireland","10 years","Number",":",""
"2009","Ireland","20 years","Number",":",""
"2009","Ireland","30 years or over","Number",":",""
"2009","Greece","Less than 1 year","Number",":",""
"2009","Greece","Less than 5 years","Number",":",""
"2009","Greece","10 years","Number",":",""
"2009","Greece","20 years","Number",":",""
"2009","Greece","30 years or over","Number",":",""
"2009","Spain","Less than 1 year","Number","226",""
"2009","Spain","Less than 5 years","Number","14,363",""
"2009","Spain","10 years","Number","3,890",""
"2009","Spain","20 years","Number","2,649",""
"2009","Spain","30 years or over","Number","11,388",""
"2009","France","Less than 1 year","Number",":",""
"2009","France","Less than 5 years","Number",":",""
"2009","France","10 years","Number",":",""
"2009","France","20 years","Number",":",""
"2009","France","30 years or over","Number",":",""
"2009","France (metropolitan)","Less than 1 year","Number",":",""
"2009","France (metropolitan)","Less than 5 years","Number",":",""
"2009","France (metropolitan)","10 years","Number",":",""
"2009","France (metropolitan)","20 years","Number",":",""
"2009","France (metropolitan)","30 years or over","Number",":",""
"2009","Croatia","Less than 1 year","Number","27",""
"2009","Croatia","Less than 5 years","Number","982",""
"2009","Croatia","10 years","Number","211",""
"2009","Croatia","20 years","Number","118",""
"2009","Croatia","30 years or over","Number","411",""
"2009","Italy","Less than 1 year","Number","0",""
"2009","Italy","Less than 5 years","Number","51",""
"2009","Italy","10 years","Number","2,686",""
"2009","Italy","20 years","Number","1,958",""
"2009","Italy","30 years or over","Number","8,171",""
"2009","Cyprus","Less than 1 year","Number","17",""
"2009","Cyprus","Less than 5 years","Number","498",""
"2009","Cyprus","10 years","Number","60",""
"2009","Cyprus","20 years","Number","38",""
"2009","Cyprus","30 years or over","Number","99",""
"2009","Latvia","Less than 1 year","Number","21",""
"2009","Latvia","Less than 5 years","Number","1,149",""
"2009","Latvia","10 years","Number","175",""
"2009","Latvia","20 years","Number","168",""
"2009","Latvia","30 years or over","Number","294",""
"2009","Lithuania","Less than 1 year","Number","91",""
"2009","Lithuania","Less than 5 years","Number","1,950",""
"2009","Lithuania","10 years","Number","330",""
"2009","Lithuania","20 years","Number","299",""
"2009","Lithuania","30 years or over","Number","613",""
"2009","Luxembourg","Less than 1 year","Number","2",""
"2009","Luxembourg","Less than 5 years","Number","139",""
"2009","Luxembourg","10 years","Number","58",""
"2009","Luxembourg","20 years","Number","34",""
"2009","Luxembourg","30 years or over","Number","70",""
"2009","Hungary","Less than 1 year","Number","47",""
"2009","Hungary","Less than 5 years","Number","3,759",""
"2009","Hungary","10 years","Number","911",""
"2009","Hungary","20 years","Number","727",""
"2009","Hungary","30 years or over","Number","1,797",""
"2009","Malta","Less than 1 year","Number",":",""
"2009","Malta","Less than 5 years","Number",":",""
"2009","Malta","10 years","Number",":",""
"2009","Malta","20 years","Number",":",""
"2009","Malta","30 years or over","Number",":",""
"2009","Netherlands","Less than 1 year","Number","75",""
"2009","Netherlands","Less than 5 years","Number","4,739",""
"2009","Netherlands","10 years","Number","1,296",""
"2009","Netherlands","20 years","Number","835",""
"2009","Netherlands","30 years or over","Number","2,597",""
"2009","Austria","Less than 1 year","Number","95",""
"2009","Austria","Less than 5 years","Number","4,333",""
"2009","Austria","10 years","Number","653",""
"2009","Austria","20 years","Number","413",""
"2009","Austria","30 years or over","Number","1,157",""
"2009","Poland","Less than 1 year","Number","68",""
"2009","Poland","Less than 5 years","Number","10,122",""
"2009","Poland","10 years","Number","2,872",""
"2009","Poland","20 years","Number","1,910",""
"2009","Poland","30 years or over","Number","5,659",""
"2009","Portugal","Less than 1 year","Number",":",""
"2009","Portugal","Less than 5 years","Number",":",""
"2009","Portugal","10 years","Number",":",""
"2009","Portugal","20 years","Number",":",""
"2009","Portugal","30 years or over","Number",":",""
"2009","Romania","Less than 1 year","Number","82",""
"2009","Romania","Less than 5 years","Number","7,520",""
"2009","Romania","10 years","Number","1,222",""
"2009","Romania","20 years","Number","810",""
"2009","Romania","30 years or over","Number","1,816",""
"2009","Slovenia","Less than 1 year","Number","4",""
"2009","Slovenia","Less than 5 years","Number","307",""
"2009","Slovenia","10 years","Number","75",""
"2009","Slovenia","20 years","Number","81",""
"2009","Slovenia","30 years or over","Number","256",""
"2009","Slovakia","Less than 1 year","Number","21",""
"2009","Slovakia","Less than 5 years","Number","1,602",""
"2009","Slovakia","10 years","Number","498",""
"2009","Slovakia","20 years","Number","437",""
"2009","Slovakia","30 years or over","Number","871",""
"2009","Finland","Less than 1 year","Number","26",""
"2009","Finland","Less than 5 years","Number","3,297",""
"2009","Finland","10 years","Number","484",""
"2009","Finland","20 years","Number","291",""
"2009","Finland","30 years or over","Number","1,017",""
"2009","Sweden","Less than 1 year","Number","0",""
"2009","Sweden","Less than 5 years","Number","5,582",""
"2009","Sweden","10 years","Number","770",""
"2009","Sweden","20 years","Number","959",""
"2009","Sweden","30 years or over","Number","1,094",""
"2009","United Kingdom","Less than 1 year","Number","22",""
"2009","United Kingdom","Less than 5 years","Number","20,251",""
"2009","United Kingdom","10 years","Number","5,287",""
"2009","United Kingdom","20 years","Number","3,173",""
"2009","United Kingdom","30 years or over","Number","9,545",""
"2009","Iceland","Less than 1 year","Number","4",""
"2009","Iceland","Less than 5 years","Number","116",""
"2009","Iceland","10 years","Number","26",""
"2009","Iceland","20 years","Number","7",""
"2009","Iceland","30 years or over","Number","64",""
"2009","Liechtenstein","Less than 1 year","Number",":",""
"2009","Liechtenstein","Less than 5 years","Number",":",""
"2009","Liechtenstein","10 years","Number",":",""
"2009","Liechtenstein","20 years","Number",":",""
"2009","Liechtenstein","30 years or over","Number",":",""
"2009","Norway","Less than 1 year","Number","10",""
"2009","Norway","Less than 5 years","Number","1,384",""
"2009","Norway","10 years","Number","478",""
"2009","Norway","20 years","Number","206",""
"2009","Norway","30 years or over","Number","987",""
"2009","Switzerland","Less than 1 year","Number","14",""
"2009","Switzerland","Less than 5 years","Number","2,026",""
"2009","Switzerland","10 years","Number","847",""
"2009","Switzerland","20 years","Number","567",""
"2009","Switzerland","30 years or over","Number","1,502",""
"2010","Belgium","Less than 1 year","Number","7",""
"2010","Belgium","Less than 5 years","Number","4,648",""
"2010","Belgium","10 years","Number","1,112",""
"2010","Belgium","20 years","Number","786",""
"2010","Belgium","30 years or over","Number","2,841",""
"2010","Bulgaria","Less than 1 year","Number","40",""
"2010","Bulgaria","Less than 5 years","Number","1,810",""
"2010","Bulgaria","10 years","Number","410",""
"2010","Bulgaria","20 years","Number","384",""
"2010","Bulgaria","30 years or over","Number","772",""
"2010","Czech Republic","Less than 1 year","Number","47",""
"2010","Czech Republic","Less than 5 years","Number","5,089",""
"2010","Czech Republic","10 years","Number","1,139",""
"2010","Czech Republic","20 years","Number","1,102",""
"2010","Czech Republic","30 years or over","Number","2,206",""
"2010","Denmark","Less than 1 year","Number","150",""
"2010","Denmark","Less than 5 years","Number","3,444",""
"2010","Denmark","10 years","Number","669",""
"2010","Denmark","20 years","Number","291",""
"2010","Denmark","30 years or over","Number","700",""
"2010","Germany (including former GDR)","Less than 1 year","Number","47",""
"2010","Germany (including former GDR)","Less than 5 years","Number","24,611",""
"2010","Germany (including former GDR)","10 years","Number","8,138",""
"2010","Germany (including former GDR)","20 years","Number","5,549",""
"2010","Germany (including former GDR)","30 years or over","Number","13,184",""
"2010","Estonia","Less than 1 year","Number","21",""
"2010","Estonia","Less than 5 years","Number","786",""
"2010","Estonia","10 years","Number","86",""
"2010","Estonia","20 years","Number","72",""
"2010","Estonia","30 years or over","Number","197",""
"2010","Ireland","Less than 1 year","Number",":",""
"2010","Ireland","Less than 5 years","Number",":",""
"2010","Ireland","10 years","Number",":",""
"2010","Ireland","20 years","Number",":",""
"2010","Ireland","30 years or over","Number",":",""
"2010","Greece","Less than 1 year","Number","1",""
"2010","Greece","Less than 5 years","Number","2,007",""
"2010","Greece","10 years","Number","467",""
"2010","Greece","20 years","Number","373",""
"2010","Greece","30 years or over","Number",":",""
"2010","Spain","Less than 1 year","Number","235",""
"2010","Spain","Less than 5 years","Number","15,386",""
"2010","Spain","10 years","Number","4,041",""
"2010","Spain","20 years","Number","2,834",""
"2010","Spain","30 years or over","Number","11,936",""
"2010","France","Less than 1 year","Number","121",""
"2010","France","Less than 5 years","Number","17,741",""
"2010","France","10 years","Number","5,908",""
"2010","France","20 years","Number","3,302",""
"2010","France","30 years or over","Number","15,036",""
"2010","France (metropolitan)","Less than 1 year","Number","116",""
"2010","France (metropolitan)","Less than 5 years","Number","17,466",""
"2010","France (metropolitan)","10 years","Number","5,784",""
"2010","France (metropolitan)","20 years","Number","3,206",""
"2010","France (metropolitan)","30 years or over","Number","14,725",""
"2010","Croatia","Less than 1 year","Number","28",""
"2010","Croatia","Less than 5 years","Number","970",""
"2010","Croatia","10 years","Number","189",""
"2010","Croatia","20 years","Number","128",""
"2010","Croatia","30 years or over","Number","443",""
"2010","Italy","Less than 1 year","Number","0",""
"2010","Italy","Less than 5 years","Number","191",""
"2010","Italy","10 years","Number","2,756",""
"2010","Italy","20 years","Number","1,905",""
"2010","Italy","30 years or over","Number","8,235",""
"2010","Cyprus","Less than 1 year","Number",":",""
"2010","Cyprus","Less than 5 years","Number",":",""
"2010","Cyprus","10 years","Number",":",""
"2010","Cyprus","20 years","Number",":",""
"2010","Cyprus","30 years or over","Number",":",""
"2010","Latvia","Less than 1 year","Number","3",""
"2010","Latvia","Less than 5 years","Number","1,170",""
"2010","Latvia","10 years","Number","160",""
"2010","Latvia","20 years","Number","144",""
"2010","Latvia","30 years or over","Number","278",""
"2010","Lithuania","Less than 1 year","Number","86",""
"2010","Lithuania","Less than 5 years","Number","2,229",""
"2010","Lithuania","10 years","Number","307",""
"2010","Lithuania","20 years","Number","361",""
"2010","Lithuania","30 years or over","Number","668",""
"2010","Luxembourg","Less than 1 year","Number","4",""
"2010","Luxembourg","Less than 5 years","Number","144",""
"2010","Luxembourg","10 years","Number","59",""
"2010","Luxembourg","20 years","Number","35",""
"2010","Luxembourg","30 years or over","Number","54",""
"2010","Hungary","Less than 1 year","Number","48",""
"2010","Hungary","Less than 5 years","Number","3,767",""
"2010","Hungary","10 years","Number","941",""
"2010","Hungary","20 years","Number","817",""
"2010","Hungary","30 years or over","Number","1,822",""
"2010","Malta","Less than 1 year","Number",":",""
"2010","Malta","Less than 5 years","Number",":",""
"2010","Malta","10 years","Number",":",""
"2010","Malta","20 years","Number",":",""
"2010","Malta","30 years or over","Number",":",""
"2010","Netherlands","Less than 1 year","Number","90",""
"2010","Netherlands","Less than 5 years","Number","5,961",""
"2010","Netherlands","10 years","Number","1,393",""
"2010","Netherlands","20 years","Number","922",""
"2010","Netherlands","30 years or over","Number","2,835",""
"2010","Austria","Less than 1 year","Number","76",""
"2010","Austria","Less than 5 years","Number","3,648",""
"2010","Austria","10 years","Number","679",""
"2010","Austria","20 years","Number","406",""
"2010","Austria","30 years or over","Number","1,153",""
"2010","Poland","Less than 1 year","Number","9",""
"2010","Poland","Less than 5 years","Number","10,277",""
"2010","Poland","10 years","Number","2,412",""
"2010","Poland","20 years","Number","1,870",""
"2010","Poland","30 years or over","Number","5,597",""
"2010","Portugal","Less than 1 year","Number",":",""
"2010","Portugal","Less than 5 years","Number",":",""
"2010","Portugal","10 years","Number",":",""
"2010","Portugal","20 years","Number",":",""
"2010","Portugal","30 years or over","Number",":",""
"2010","Romania","Less than 1 year","Number","89",""
"2010","Romania","Less than 5 years","Number","7,459",""
"2010","Romania","10 years","Number","1,214",""
"2010","Romania","20 years","Number","858",""
"2010","Romania","30 years or over","Number","1,777",""
"2010","Slovenia","Less than 1 year","Number","7",""
"2010","Slovenia","Less than 5 years","Number","346",""
"2010","Slovenia","10 years","Number","78",""
"2010","Slovenia","20 years","Number","72",""
"2010","Slovenia","30 years or over","Number","279",""
"2010","Slovakia","Less than 1 year","Number","20",""
"2010","Slovakia","Less than 5 years","Number","1,626",""
"2010","Slovakia","10 years","Number","435",""
"2010","Slovakia","20 years","Number","483",""
"2010","Slovakia","30 years or over","Number","878",""
"2010","Finland","Less than 1 year","Number","18",""
"2010","Finland","Less than 5 years","Number","3,240",""
"2010","Finland","10 years","Number","510",""
"2010","Finland","20 years","Number","299",""
"2010","Finland","30 years or over","Number","959",""
"2010","Sweden","Less than 1 year","Number","136",""
"2010","Sweden","Less than 5 years","Number","6,952",""
"2010","Sweden","10 years","Number","883",""
"2010","Sweden","20 years","Number","494",""
"2010","Sweden","30 years or over","Number","1,128",""
"2010","United Kingdom","Less than 1 year","Number","27",""
"2010","United Kingdom","Less than 5 years","Number","20,784",""
"2010","United Kingdom","10 years","Number","5,604",""
"2010","United Kingdom","20 years","Number","3,298",""
"2010","United Kingdom","30 years or over","Number","10,052",""
"2010","Iceland","Less than 1 year","Number","4",""
"2010","Iceland","Less than 5 years","Number","120",""
"2010","Iceland","10 years","Number","32",""
"2010","Iceland","20 years","Number","10",""
"2010","Iceland","30 years or over","Number","43",""
"2010","Liechtenstein","Less than 1 year","Number",":",""
"2010","Liechtenstein","Less than 5 years","Number",":",""
"2010","Liechtenstein","10 years","Number",":",""
"2010","Liechtenstein","20 years","Number",":",""
"2010","Liechtenstein","30 years or over","Number",":",""
"2010","Norway","Less than 1 year","Number","7",""
"2010","Norway","Less than 5 years","Number","1,438",""
"2010","Norway","10 years","Number","491",""
"2010","Norway","20 years","Number","226",""
"2010","Norway","30 years or over","Number","990",""
"2010","Switzerland","Less than 1 year","Number","38",""
"2010","Switzerland","Less than 5 years","Number","2,454",""
"2010","Switzerland","10 years","Number","978",""
"2010","Switzerland","20 years","Number","662",""
"2010","Switzerland","30 years or over","Number","1,715",""
"2011","Belgium","Less than 1 year","Number",":",""
"2011","Belgium","Less than 5 years","Number",":",""
"2011","Belgium","10 years","Number",":",""
"2011","Belgium","20 years","Number",":",""
"2011","Belgium","30 years or over","Number",":",""
"2011","Bulgaria","Less than 1 year","Number","25",""
"2011","Bulgaria","Less than 5 years","Number","1,583",""
"2011","Bulgaria","10 years","Number","360",""
"2011","Bulgaria","20 years","Number","316",""
"2011","Bulgaria","30 years or over","Number","867",""
"2011","Czech Republic","Less than 1 year","Number","66",""
"2011","Czech Republic","Less than 5 years","Number","4,457",""
"2011","Czech Republic","10 years","Number","1,019",""
"2011","Czech Republic","20 years","Number","854",""
"2011","Czech Republic","30 years or over","Number","2,192",""
"2011","Denmark","Less than 1 year","Number",":",""
"2011","Denmark","Less than 5 years","Number",":",""
"2011","Denmark","10 years","Number",":",""
"2011","Denmark","20 years","Number",":",""
"2011","Denmark","30 years or over","Number",":",""
"2011","Germany (including former GDR)","Less than 1 year","Number","42",""
"2011","Germany (including former GDR)","Less than 5 years","Number","22,681",""
"2011","Germany (including former GDR)","10 years","Number","7,973",""
"2011","Germany (including former GDR)","20 years","Number","5,004",""
"2011","Germany (including former GDR)","30 years or over","Number","13,837",""
"2011","Estonia","Less than 1 year","Number","14",""
"2011","Estonia","Less than 5 years","Number","772",""
"2011","Estonia","10 years","Number","93",""
"2011","Estonia","20 years","Number","84",""
"2011","Estonia","30 years or over","Number","238",""
"2011","Ireland","Less than 1 year","Number",":",""
"2011","Ireland","Less than 5 years","Number",":",""
"2011","Ireland","10 years","Number",":",""
"2011","Ireland","20 years","Number",":",""
"2011","Ireland","30 years or over","Number",":",""
"2011","Greece","Less than 1 year","Number",":",""
"2011","Greece","Less than 5 years","Number",":",""
"2011","Greece","10 years","Number",":",""
"2011","Greece","20 years","Number",":",""
"2011","Greece","30 years or over","Number",":",""
"2011","Spain","Less than 1 year","Number","225",""
"2011","Spain","Less than 5 years","Number","14,548",""
"2011","Spain","10 years","Number","4,135",""
"2011","Spain","20 years","Number","2,735",""
"2011","Spain","30 years or over","Number","12,255",""
"2011","France","Less than 1 year","Number","163",""
"2011","France","Less than 5 years","Number","16,606",""
"2011","France","10 years","Number","5,570",""
"2011","France","20 years","Number","3,408",""
"2011","France","30 years or over","Number","14,772",""
"2011","France (metropolitan)","Less than 1 year","Number","158",""
"2011","France (metropolitan)","Less than 5 years","Number","16,333",""
"2011","France (metropolitan)","10 years","Number","5,415",""
"2011","France (metropolitan)","20 years","Number","3,299",""
"2011","France (metropolitan)","30 years or over","Number","14,434",""
"2011","Croatia","Less than 1 year","Number","32",""
"2011","Croatia","Less than 5 years","Number","1,021",""
"2011","Croatia","10 years","Number","176",""
"2011","Croatia","20 years","Number","112",""
"2011","Croatia","30 years or over","Number","530",""
"2011","Italy","Less than 1 year","Number","0",""
"2011","Italy","Less than 5 years","Number","179",""
"2011","Italy","10 years","Number","2,322",""
"2011","Italy","20 years","Number","1,807",""
"2011","Italy","30 years or over","Number","8,338",""
"2011","Cyprus","Less than 1 year","Number",":",""
"2011","Cyprus","Less than 5 years","Number",":",""
"2011","Cyprus","10 years","Number",":",""
"2011","Cyprus","20 years","Number",":",""
"2011","Cyprus","30 years or over","Number",":",""
"2011","Latvia","Less than 1 year","Number","26",""
"2011","Latvia","Less than 5 years","Number","1,764",""
"2011","Latvia","10 years","Number","258",""
"2011","Latvia","20 years","Number","247",""
"2011","Latvia","30 years or over","Number","617",""
"2011","Lithuania","Less than 1 year","Number","96",""
"2011","Lithuania","Less than 5 years","Number","2,219",""
"2011","Lithuania","10 years","Number","258",""
"2011","Lithuania","20 years","Number","320",""
"2011","Lithuania","30 years or over","Number","819",""
"2011","Luxembourg","Less than 1 year","Number",":",""
"2011","Luxembourg","Less than 5 years","Number",":",""
"2011","Luxembourg","10 years","Number",":",""
"2011","Luxembourg","20 years","Number",":",""
"2011","Luxembourg","30 years or over","Number",":",""
"2011","Hungary","Less than 1 year","Number","57",""
"2011","Hungary","Less than 5 years","Number","3,508",""
"2011","Hungary","10 years","Number","872",""
"2011","Hungary","20 years","Number","716",""
"2011","Hungary","30 years or over","Number","1,891",""
"2011","Malta","Less than 1 year","Number","0",""
"2011","Malta","Less than 5 years","Number","0",""
"2011","Malta","10 years","Number","4",""
"2011","Malta","20 years","Number","0",""
"2011","Malta","30 years or over","Number","11",""
"2011","Netherlands","Less than 1 year","Number","89",""
"2011","Netherlands","Less than 5 years","Number","5,907",""
"2011","Netherlands","10 years","Number","1,357",""
"2011","Netherlands","20 years","Number","868",""
"2011","Netherlands","30 years or over","Number","2,831",""
"2011","Austria","Less than 1 year","Number","66",""
"2011","Austria","Less than 5 years","Number","3,617",""
"2011","Austria","10 years","Number","579",""
"2011","Austria","20 years","Number","427",""
"2011","Austria","30 years or over","Number","1,140",""
"2011","Poland","Less than 1 year","Number","33",""
"2011","Poland","Less than 5 years","Number","11,343",""
"2011","Poland","10 years","Number","2,231",""
"2011","Poland","20 years","Number","1,714",""
"2011","Poland","30 years or over","Number","6,060",""
"2011","Portugal","Less than 1 year","Number","175",""
"2011","Portugal","Less than 5 years","Number","3,678",""
"2011","Portugal","10 years","Number","1,011",""
"2011","Portugal","20 years","Number","734",""
"2011","Portugal","30 years or over","Number","3,025",""
"2011","Romania","Less than 1 year","Number","203",""
"2011","Romania","Less than 5 years","Number","8,516",""
"2011","Romania","10 years","Number","1,272",""
"2011","Romania","20 years","Number","900",""
"2011","Romania","30 years or over","Number","2,016",""
"2011","Slovenia","Less than 1 year","Number","6",""
"2011","Slovenia","Less than 5 years","Number","342",""
"2011","Slovenia","10 years","Number","64",""
"2011","Slovenia","20 years","Number","54",""
"2011","Slovenia","30 years or over","Number","280",""
"2011","Slovakia","Less than 1 year","Number","24",""
"2011","Slovakia","Less than 5 years","Number","1,413",""
"2011","Slovakia","10 years","Number","413",""
"2011","Slovakia","20 years","Number","372",""
"2011","Slovakia","30 years or over","Number","842",""
"2011","Finland","Less than 1 year","Number","20",""
"2011","Finland","Less than 5 years","Number","3,242",""
"2011","Finland","10 years","Number","479",""
"2011","Finland","20 years","Number","289",""
"2011","Finland","30 years or over","Number","959",""
"2011","Sweden","Less than 1 year","Number","99",""
"2011","Sweden","Less than 5 years","Number","6,977",""
"2011","Sweden","10 years","Number","788",""
"2011","Sweden","20 years","Number","419",""
"2011","Sweden","30 years or over","Number","1,107",""
"2011","United Kingdom","Less than 1 year","Number","38",""
"2011","United Kingdom","Less than 5 years","Number","19,772",""
"2011","United Kingdom","10 years","Number","5,630",""
"2011","United Kingdom","20 years","Number","3,061",""
"2011","United Kingdom","30 years or over","Number","10,002",""
"2011","Iceland","Less than 1 year","Number","3",""
"2011","Iceland","Less than 5 years","Number","98",""
"2011","Iceland","10 years","Number","27",""
"2011","Iceland","20 years","Number","15",""
"2011","Iceland","30 years or over","Number","38",""
"2011","Liechtenstein","Less than 1 year","Number","0",""
"2011","Liechtenstein","Less than 5 years","Number","15",""
"2011","Liechtenstein","10 years","Number","3",""
"2011","Liechtenstein","20 years","Number","2",""
"2011","Liechtenstein","30 years or over","Number","2",""
"2011","Norway","Less than 1 year","Number","2",""
"2011","Norway","Less than 5 years","Number","1,407",""
"2011","Norway","10 years","Number","475",""
"2011","Norway","20 years","Number","241",""
"2011","Norway","30 years or over","Number","803",""
"2011","Switzerland","Less than 1 year","Number","41",""
"2011","Switzerland","Less than 5 years","Number","2,073",""
"2011","Switzerland","10 years","Number","709",""
"2011","Switzerland","20 years","Number","475",""
"2011","Switzerland","30 years or over","Number","1,412",""
"2012","Belgium","Less than 1 year","Number",":",""
"2012","Belgium","Less than 5 years","Number",":",""
"2012","Belgium","10 years","Number",":",""
"2012","Belgium","20 years","Number",":",""
"2012","Belgium","30 years or over","Number",":",""
"2012","Bulgaria","Less than 1 year","Number","22",""
"2012","Bulgaria","Less than 5 years","Number","2,353",""
"2012","Bulgaria","10 years","Number","408",""
"2012","Bulgaria","20 years","Number","276",""
"2012","Bulgaria","30 years or over","Number","894",""
"2012","Czech Republic","Less than 1 year","Number","43",""
"2012","Czech Republic","Less than 5 years","Number","4,002",""
"2012","Czech Republic","10 years","Number","949",""
"2012","Czech Republic","20 years","Number","809",""
"2012","Czech Republic","30 years or over","Number","1,942",""
"2012","Denmark","Less than 1 year","Number","46",""
"2012","Denmark","Less than 5 years","Number","2,999",""
"2012","Denmark","10 years","Number","724",""
"2012","Denmark","20 years","Number","331",""
"2012","Denmark","30 years or over","Number","742",""
"2012","Germany (including former GDR)","Less than 1 year","Number","26",""
"2012","Germany (including former GDR)","Less than 5 years","Number","21,417",""
"2012","Germany (including former GDR)","10 years","Number","7,788",""
"2012","Germany (including former GDR)","20 years","Number","4,812",""
"2012","Germany (including former GDR)","30 years or over","Number","13,935",""
"2012","Estonia","Less than 1 year","Number","17",""
"2012","Estonia","Less than 5 years","Number","686",""
"2012","Estonia","10 years","Number","123",""
"2012","Estonia","20 years","Number","63",""
"2012","Estonia","30 years or over","Number","251",""
"2012","Ireland","Less than 1 year","Number",":",""
"2012","Ireland","Less than 5 years","Number",":",""
"2012","Ireland","10 years","Number",":",""
"2012","Ireland","20 years","Number",":",""
"2012","Ireland","30 years or over","Number",":",""
"2012","Greece","Less than 1 year","Number",":",""
"2012","Greece","Less than 5 years","Number",":",""
"2012","Greece","10 years","Number",":",""
"2012","Greece","20 years","Number",":",""
"2012","Greece","30 years or over","Number",":",""
"2012","Spain","Less than 1 year","Number","291",""
"2012","Spain","Less than 5 years","Number","14,427",""
"2012","Spain","10 years","Number","3,723",""
"2012","Spain","20 years","Number","2,723",""
"2012","Spain","30 years or over","Number","12,456",""
"2012","France","Less than 1 year","Number",":",""
"2012","France","Less than 5 years","Number",":",""
"2012","France","10 years","Number",":",""
"2012","France","20 years","Number",":",""
"2012","France","30 years or over","Number",":",""
"2012","France (metropolitan)","Less than 1 year","Number",":",""
"2012","France (metropolitan)","Less than 5 years","Number",":",""
"2012","France (metropolitan)","10 years","Number",":",""
"2012","France (metropolitan)","20 years","Number",":",""
"2012","France (metropolitan)","30 years or over","Number",":",""
"2012","Croatia","Less than 1 year","Number","32",""
"2012","Croatia","Less than 5 years","Number","954",""
"2012","Croatia","10 years","Number","203",""
"2012","Croatia","20 years","Number","152",""
"2012","Croatia","30 years or over","Number","496",""
"2012","Italy","Less than 1 year","Number","0",""
"2012","Italy","Less than 5 years","Number","181",""
"2012","Italy","10 years","Number","1,963",""
"2012","Italy","20 years","Number","1,897",""
"2012","Italy","30 years or over","Number","9,596",""
"2012","Cyprus","Less than 1 year","Number","9",""
"2012","Cyprus","Less than 5 years","Number","525",""
"2012","Cyprus","10 years","Number","70",""
"2012","Cyprus","20 years","Number","39",""
"2012","Cyprus","30 years or over","Number","48",""
"2012","Latvia","Less than 1 year","Number","66",""
"2012","Latvia","Less than 5 years","Number","1,276",""
"2012","Latvia","10 years","Number","231",""
"2012","Latvia","20 years","Number","185",""
"2012","Latvia","30 years or over","Number","598",""
"2012","Lithuania","Less than 1 year","Number","98",""
"2012","Lithuania","Less than 5 years","Number","2,088",""
"2012","Lithuania","10 years","Number","294",""
"2012","Lithuania","20 years","Number","308",""
"2012","Lithuania","30 years or over","Number","834",""
"2012","Luxembourg","Less than 1 year","Number",":",""
"2012","Luxembourg","Less than 5 years","Number",":",""
"2012","Luxembourg","10 years","Number",":",""
"2012","Luxembourg","20 years","Number",":",""
"2012","Luxembourg","30 years or over","Number",":",""
"2012","Hungary","Less than 1 year","Number","36",""
"2012","Hungary","Less than 5 years","Number","3,052",""
"2012","Hungary","10 years","Number","850",""
"2012","Hungary","20 years","Number","603",""
"2012","Hungary","30 years or over","Number","1,721",""
"2012","Malta","Less than 1 year","Number",":",""
"2012","Malta","Less than 5 years","Number",":",""
"2012","Malta","10 years","Number",":",""
"2012","Malta","20 years","Number",":",""
"2012","Malta","30 years or over","Number",":",""
"2012","Netherlands","Less than 1 year","Number","133",""
"2012","Netherlands","Less than 5 years","Number","6,298",""
"2012","Netherlands","10 years","Number","1,436",""
"2012","Netherlands","20 years","Number","959",""
"2012","Netherlands","30 years or over","Number","2,925",""
"2012","Austria","Less than 1 year","Number","46",""
"2012","Austria","Less than 5 years","Number","3,454",""
"2012","Austria","10 years","Number","620",""
"2012","Austria","20 years","Number","432",""
"2012","Austria","30 years or over","Number","1,162",""
"2012","Poland","Less than 1 year","Number","40",""
"2012","Poland","Less than 5 years","Number","11,206",""
"2012","Poland","10 years","Number","2,169",""
"2012","Poland","20 years","Number","1,640",""
"2012","Poland","30 years or over","Number","6,235",""
"2012","Portugal","Less than 1 year","Number","162",""
"2012","Portugal","Less than 5 years","Number","3,405",""
"2012","Portugal","10 years","Number","994",""
"2012","Portugal","20 years","Number","701",""
"2012","Portugal","30 years or over","Number","2,876",""
"2012","Romania","Less than 1 year","Number","212",""
"2012","Romania","Less than 5 years","Number","6,992",""
"2012","Romania","10 years","Number","1,226",""
"2012","Romania","20 years","Number","758",""
"2012","Romania","30 years or over","Number","1,772",""
"2012","Slovenia","Less than 1 year","Number","5",""
"2012","Slovenia","Less than 5 years","Number","374",""
"2012","Slovenia","10 years","Number","93",""
"2012","Slovenia","20 years","Number","65",""
"2012","Slovenia","30 years or over","Number","328",""
"2012","Slovakia","Less than 1 year","Number","22",""
"2012","Slovakia","Less than 5 years","Number","1,386",""
"2012","Slovakia","10 years","Number","409",""
"2012","Slovakia","20 years","Number","391",""
"2012","Slovakia","30 years or over","Number","913",""
"2012","Finland","Less than 1 year","Number","15",""
"2012","Finland","Less than 5 years","Number","3,175",""
"2012","Finland","10 years","Number","499",""
"2012","Finland","20 years","Number","265",""
"2012","Finland","30 years or over","Number","948",""
"2012","Sweden","Less than 1 year","Number","127",""
"2012","Sweden","Less than 5 years","Number","6,871",""
"2012","Sweden","10 years","Number","789",""
"2012","Sweden","20 years","Number","438",""
"2012","Sweden","30 years or over","Number","1,054",""
"2012","United Kingdom","Less than 1 year","Number",":",""
"2012","United Kingdom","Less than 5 years","Number",":",""
"2012","United Kingdom","10 years","Number",":",""
"2012","United Kingdom","20 years","Number",":",""
"2012","United Kingdom","30 years or over","Number",":",""
"2012","Iceland","Less than 1 year","Number",":",""
"2012","Iceland","Less than 5 years","Number",":",""
"2012","Iceland","10 years","Number",":",""
"2012","Iceland","20 years","Number",":",""
"2012","Iceland","30 years or over","Number",":",""
"2012","Liechtenstein","Less than 1 year","Number","0",""
"2012","Liechtenstein","Less than 5 years","Number","16",""
"2012","Liechtenstein","10 years","Number","2",""
"2012","Liechtenstein","20 years","Number","2",""
"2012","Liechtenstein","30 years or over","Number","5",""
"2012","Norway","Less than 1 year","Number","3",""
"2012","Norway","Less than 5 years","Number","1,316",""
"2012","Norway","10 years","Number","499",""
"2012","Norway","20 years","Number","209",""
"2012","Norway","30 years or over","Number","702",""
"2012","Switzerland","Less than 1 year","Number","33",""
"2012","Switzerland","Less than 5 years","Number","2,144",""
"2012","Switzerland","10 years","Number","756",""
"2012","Switzerland","20 years","Number","487",""
"2012","Switzerland","30 years or over","Number","1,426",""
"2013","Belgium","Less than 1 year","Number",":",""
"2013","Belgium","Less than 5 years","Number",":",""
"2013","Belgium","10 years","Number",":",""
"2013","Belgium","20 years","Number",":",""
"2013","Belgium","30 years or over","Number",":",""
"2013","Bulgaria","Less than 1 year","Number","32",""
"2013","Bulgaria","Less than 5 years","Number","1,488",""
"2013","Bulgaria","10 years","Number","368",""
"2013","Bulgaria","20 years","Number","302",""
"2013","Bulgaria","30 years or over","Number","1,031",""
"2013","Czech Republic","Less than 1 year","Number","50",""
"2013","Czech Republic","Less than 5 years","Number","4,028",""
"2013","Czech Republic","10 years","Number","959",""
"2013","Czech Republic","20 years","Number","817",""
"2013","Czech Republic","30 years or over","Number","2,197",""
"2013","Denmark","Less than 1 year","Number","116",""
"2013","Denmark","Less than 5 years","Number","3,534",""
"2013","Denmark","10 years","Number","880",""
"2013","Denmark","20 years","Number","399",""
"2013","Denmark","30 years or over","Number","886",""
"2013","Germany (including former GDR)","Less than 1 year","Number",":",""
"2013","Germany (including former GDR)","Less than 5 years","Number",":",""
"2013","Germany (including former GDR)","10 years","Number",":",""
"2013","Germany (including former GDR)","20 years","Number",":",""
"2013","Germany (including former GDR)","30 years or over","Number",":",""
"2013","Estonia","Less than 1 year","Number","30",""
"2013","Estonia","Less than 5 years","Number","721",""
"2013","Estonia","10 years","Number","123",""
"2013","Estonia","20 years","Number","86",""
"2013","Estonia","30 years or over","Number","311",""
"2013","Ireland","Less than 1 year","Number",":",""
"2013","Ireland","Less than 5 years","Number",":",""
"2013","Ireland","10 years","Number",":",""
"2013","Ireland","20 years","Number",":",""
"2013","Ireland","30 years or over","Number",":",""
"2013","Greece","Less than 1 year","Number","20",""
"2013","Greece","Less than 5 years","Number","2,599",""
"2013","Greece","10 years","Number","718",""
"2013","Greece","20 years","Number","427",""
"2013","Greece","30 years or over","Number","1,380",""
"2013","Spain","Less than 1 year","Number","218",""
"2013","Spain","Less than 5 years","Number","13,069",""
"2013","Spain","10 years","Number","3,691",""
"2013","Spain","20 years","Number","2,288",""
"2013","Spain","30 years or over","Number","10,949",""
"2013","France","Less than 1 year","Number",":",""
"2013","France","Less than 5 years","Number",":",""
"2013","France","10 years","Number",":",""
"2013","France","20 years","Number",":",""
"2013","France","30 years or over","Number",":",""
"2013","France (metropolitan)","Less than 1 year","Number",":",""
"2013","France (metropolitan)","Less than 5 years","Number",":",""
"2013","France (metropolitan)","10 years","Number",":",""
"2013","France (metropolitan)","20 years","Number",":",""
"2013","France (metropolitan)","30 years or over","Number",":",""
"2013","Croatia","Less than 1 year","Number","19",""
"2013","Croatia","Less than 5 years","Number","911",""
"2013","Croatia","10 years","Number","252",""
"2013","Croatia","20 years","Number","165",""
"2013","Croatia","30 years or over","Number","529",""
"2013","Italy","Less than 1 year","Number","0",""
"2013","Italy","Less than 5 years","Number","250",""
"2013","Italy","10 years","Number","2,276",""
"2013","Italy","20 years","Number","1,887",""
"2013","Italy","30 years or over","Number","8,987",""
"2013","Cyprus","Less than 1 year","Number",":",""
"2013","Cyprus","Less than 5 years","Number",":",""
"2013","Cyprus","10 years","Number",":",""
"2013","Cyprus","20 years","Number",":",""
"2013","Cyprus","30 years or over","Number",":",""
"2013","Latvia","Less than 1 year","Number","38",""
"2013","Latvia","Less than 5 years","Number","1,179",""
"2013","Latvia","10 years","Number","241",""
"2013","Latvia","20 years","Number","129",""
"2013","Latvia","30 years or over","Number","553",""
"2013","Lithuania","Less than 1 year","Number","104",""
"2013","Lithuania","Less than 5 years","Number","1,896",""
"2013","Lithuania","10 years","Number","272",""
"2013","Lithuania","20 years","Number","261",""
"2013","Lithuania","30 years or over","Number","942",""
"2013","Luxembourg","Less than 1 year","Number","0",""
"2013","Luxembourg","Less than 5 years","Number","115",""
"2013","Luxembourg","10 years","Number","57",""
"2013","Luxembourg","20 years","Number","29",""
"2013","Luxembourg","30 years or over","Number","90",""
"2013","Hungary","Less than 1 year","Number","37",""
"2013","Hungary","Less than 5 years","Number","2,907",""
"2013","Hungary","10 years","Number","813",""
"2013","Hungary","20 years","Number","539",""
"2013","Hungary","30 years or over","Number","1,610",""
"2013","Malta","Less than 1 year","Number",":",""
"2013","Malta","Less than 5 years","Number",":",""
"2013","Malta","10 years","Number",":",""
"2013","Malta","20 years","Number",":",""
"2013","Malta","30 years or over","Number",":",""
"2013","Netherlands","Less than 1 year","Number","63",""
"2013","Netherlands","Less than 5 years","Number","5,451",""
"2013","Netherlands","10 years","Number","1,346",""
"2013","Netherlands","20 years","Number","855",""
"2013","Netherlands","30 years or over","Number","2,837",""
"2013","Austria","Less than 1 year","Number",":",""
"2013","Austria","Less than 5 years","Number",":",""
"2013","Austria","10 years","Number",":",""
"2013","Austria","20 years","Number",":",""
"2013","Austria","30 years or over","Number",":",""
"2013","Poland","Less than 1 year","Number","22",""
"2013","Poland","Less than 5 years","Number","10,552",""
"2013","Poland","10 years","Number","2,310",""
"2013","Poland","20 years","Number","1,577",""
"2013","Poland","30 years or over","Number","6,636",""
"2013","Portugal","Less than 1 year","Number","147",""
"2013","Portugal","Less than 5 years","Number","2,865",""
"2013","Portugal","10 years","Number","791",""
"2013","Portugal","20 years","Number","634",""
"2013","Portugal","30 years or over","Number","2,803",""
"2013","Romania","Less than 1 year","Number","168",""
"2013","Romania","Less than 5 years","Number","5,593",""
"2013","Romania","10 years","Number","1,108",""
"2013","Romania","20 years","Number","662",""
"2013","Romania","30 years or over","Number","1,716",""
"2013","Slovenia","Less than 1 year","Number","5",""
"2013","Slovenia","Less than 5 years","Number","355",""
"2013","Slovenia","10 years","Number","76",""
"2013","Slovenia","20 years","Number","41",""
"2013","Slovenia","30 years or over","Number","327",""
"2013","Slovakia","Less than 1 year","Number","14",""
"2013","Slovakia","Less than 5 years","Number","1,342",""
"2013","Slovakia","10 years","Number","389",""
"2013","Slovakia","20 years","Number","371",""
"2013","Slovakia","30 years or over","Number","896",""
"2013","Finland","Less than 1 year","Number","16",""
"2013","Finland","Less than 5 years","Number","3,346",""
"2013","Finland","10 years","Number","518",""
"2013","Finland","20 years","Number","266",""
"2013","Finland","30 years or over","Number","881",""
"2013","Sweden","Less than 1 year","Number","149",""
"2013","Sweden","Less than 5 years","Number","8,117",""
"2013","Sweden","10 years","Number","878",""
"2013","Sweden","20 years","Number","431",""
"2013","Sweden","30 years or over","Number","1,213",""
"2013","United Kingdom","Less than 1 year","Number","91",""
"2013","United Kingdom","Less than 5 years","Number","46,784",""
"2013","United Kingdom","10 years","Number","6,170",""
"2013","United Kingdom","20 years","Number",":",""
"2013","United Kingdom","30 years or over","Number",":",""
"2013","Iceland","Less than 1 year","Number",":",""
"2013","Iceland","Less than 5 years","Number",":",""
"2013","Iceland","10 years","Number",":",""
"2013","Iceland","20 years","Number",":",""
"2013","Iceland","30 years or over","Number",":",""
"2013","Liechtenstein","Less than 1 year","Number",":",""
"2013","Liechtenstein","Less than 5 years","Number",":",""
"2013","Liechtenstein","10 years","Number",":",""
"2013","Liechtenstein","20 years","Number",":",""
"2013","Liechtenstein","30 years or over","Number",":",""
"2013","Norway","Less than 1 year","Number","3",""
"2013","Norway","Less than 5 years","Number","1,402",""
"2013","Norway","10 years","Number","437",""
"2013","Norway","20 years","Number","222",""
"2013","Norway","30 years or over","Number","749",""
"2013","Switzerland","Less than 1 year","Number","45",""
"2013","Switzerland","Less than 5 years","Number","2,088",""
"2013","Switzerland","10 years","Number","764",""
"2013","Switzerland","20 years","Number","456",""
"2013","Switzerland","30 years or over","Number","1,398",""
"2014","Belgium","Less than 1 year","Number",":",""
"2014","Belgium","Less than 5 years","Number",":",""
"2014","Belgium","10 years","Number",":",""
"2014","Belgium","20 years","Number",":",""
"2014","Belgium","30 years or over","Number",":",""
"2014","Bulgaria","Less than 1 year","Number","38",""
"2014","Bulgaria","Less than 5 years","Number","1,309",""
"2014","Bulgaria","10 years","Number","366",""
"2014","Bulgaria","20 years","Number","279",""
"2014","Bulgaria","30 years or over","Number","1,108",""
"2014","Czech Republic","Less than 1 year","Number","44",""
"2014","Czech Republic","Less than 5 years","Number","3,726",""
"2014","Czech Republic","10 years","Number","965",""
"2014","Czech Republic","20 years","Number","663",""
"2014","Czech Republic","30 years or over","Number","2,302",""
"2014","Denmark","Less than 1 year","Number","167",""
"2014","Denmark","Less than 5 years","Number","3,515",""
"2014","Denmark","10 years","Number","878",""
"2014","Denmark","20 years","Number","461",""
"2014","Denmark","30 years or over","Number","911",""
"2014","Germany (including former GDR)","Less than 1 year","Number","20",""
"2014","Germany (including former GDR)","Less than 5 years","Number","20,332",""
"2014","Germany (including former GDR)","10 years","Number","7,151",""
"2014","Germany (including former GDR)","20 years","Number","4,528",""
"2014","Germany (including former GDR)","30 years or over","Number","13,021",""
"2014","Estonia","Less than 1 year","Number","35",""
"2014","Estonia","Less than 5 years","Number","723",""
"2014","Estonia","10 years","Number","121",""
"2014","Estonia","20 years","Number","51",""
"2014","Estonia","30 years or over","Number","313",""
"2014","Ireland","Less than 1 year","Number",":",""
"2014","Ireland","Less than 5 years","Number",":",""
"2014","Ireland","10 years","Number",":",""
"2014","Ireland","20 years","Number",":",""
"2014","Ireland","30 years or over","Number",":",""
"2014","Greece","Less than 1 year","Number","17",""
"2014","Greece","Less than 5 years","Number","2,204",""
"2014","Greece","10 years","Number","530",""
"2014","Greece","20 years","Number","326",""
"2014","Greece","30 years or over","Number","1,211",""
"2014","Spain","Less than 1 year","Number","285",""
"2014","Spain","Less than 5 years","Number","12,782",""
"2014","Spain","10 years","Number","4,012",""
"2014","Spain","20 years","Number","2,362",""
"2014","Spain","30 years or over","Number","11,607",""
"2014","France","Less than 1 year","Number",":",""
"2014","France","Less than 5 years","Number",":",""
"2014","France","10 years","Number",":",""
"2014","France","20 years","Number",":",""
"2014","France","30 years or over","Number",":",""
"2014","France (metropolitan)","Less than 1 year","Number",":",""
"2014","France (metropolitan)","Less than 5 years","Number",":",""
"2014","France (metropolitan)","10 years","Number",":",""
"2014","France (metropolitan)","20 years","Number",":",""
"2014","France (metropolitan)","30 years or over","Number",":",""
"2014","Croatia","Less than 1 year","Number",":",""
"2014","Croatia","Less than 5 years","Number",":",""
"2014","Croatia","10 years","Number",":",""
"2014","Croatia","20 years","Number",":",""
"2014","Croatia","30 years or over","Number",":",""
"2014","Italy","Less than 1 year","Number","0",""
"2014","Italy","Less than 5 years","Number","287",""
"2014","Italy","10 years","Number","2,005",""
"2014","Italy","20 years","Number","1,874",""
"2014","Italy","30 years or over","Number","8,963",""
"2014","Cyprus","Less than 1 year","Number",":",""
"2014","Cyprus","Less than 5 years","Number",":",""
"2014","Cyprus","10 years","Number",":",""
"2014","Cyprus","20 years","Number",":",""
"2014","Cyprus","30 years or over","Number",":",""
"2014","Latvia","Less than 1 year","Number","33",""
"2014","Latvia","Less than 5 years","Number","1,126",""
"2014","Latvia","10 years","Number","221",""
"2014","Latvia","20 years","Number","111",""
"2014","Latvia","30 years or over","Number","578",""
"2014","Lithuania","Less than 1 year","Number","115",""
"2014","Lithuania","Less than 5 years","Number","1,961",""
"2014","Lithuania","10 years","Number","349",""
"2014","Lithuania","20 years","Number","224",""
"2014","Lithuania","30 years or over","Number","876",""
"2014","Luxembourg","Less than 1 year","Number","1",""
"2014","Luxembourg","Less than 5 years","Number","152",""
"2014","Luxembourg","10 years","Number","52",""
"2014","Luxembourg","20 years","Number","57",""
"2014","Luxembourg","30 years or over","Number","126",""
"2014","Hungary","Less than 1 year","Number","42",""
"2014","Hungary","Less than 5 years","Number","2,708",""
"2014","Hungary","10 years","Number","763",""
"2014","Hungary","20 years","Number","549",""
"2014","Hungary","30 years or over","Number","1,725",""
"2014","Malta","Less than 1 year","Number",":",""
"2014","Malta","Less than 5 years","Number",":",""
"2014","Malta","10 years","Number",":",""
"2014","Malta","20 years","Number",":",""
"2014","Malta","30 years or over","Number",":",""
"2014","Netherlands","Less than 1 year","Number","75",""
"2014","Netherlands","Less than 5 years","Number","5,412",""
"2014","Netherlands","10 years","Number","1,337",""
"2014","Netherlands","20 years","Number","958",""
"2014","Netherlands","30 years or over","Number","3,126",""
"2014","Austria","Less than 1 year","Number",":",""
"2014","Austria","Less than 5 years","Number",":",""
"2014","Austria","10 years","Number",":",""
"2014","Austria","20 years","Number",":",""
"2014","Austria","30 years or over","Number",":",""
"2014","Poland","Less than 1 year","Number","20",""
"2014","Poland","Less than 5 years","Number","9,252",""
"2014","Poland","10 years","Number","2,152",""
"2014","Poland","20 years","Number","1,594",""
"2014","Poland","30 years or over","Number","6,815",""
"2014","Portugal","Less than 1 year","Number",":",""
"2014","Portugal","Less than 5 years","Number",":",""
"2014","Portugal","10 years","Number",":",""
"2014","Portugal","20 years","Number",":",""
"2014","Portugal","30 years or over","Number",":",""
"2014","Romania","Less than 1 year","Number","169",""
"2014","Romania","Less than 5 years","Number","5,320",""
"2014","Romania","10 years","Number","1,189",""
"2014","Romania","20 years","Number","595",""
"2014","Romania","30 years or over","Number","1,652",""
"2014","Slovenia","Less than 1 year","Number","2",""
"2014","Slovenia","Less than 5 years","Number","373",""
"2014","Slovenia","10 years","Number","83",""
"2014","Slovenia","20 years","Number","66",""
"2014","Slovenia","30 years or over","Number","327",""
"2014","Slovakia","Less than 1 year","Number","18",""
"2014","Slovakia","Less than 5 years","Number","1,315",""
"2014","Slovakia","10 years","Number","384",""
"2014","Slovakia","20 years","Number","340",""
"2014","Slovakia","30 years or over","Number","960",""
"2014","Finland","Less than 1 year","Number","13",""
"2014","Finland","Less than 5 years","Number","3,297",""
"2014","Finland","10 years","Number","605",""
"2014","Finland","20 years","Number","252",""
"2014","Finland","30 years or over","Number","861",""
"2014","Sweden","Less than 1 year","Number","152",""
"2014","Sweden","Less than 5 years","Number","7,346",""
"2014","Sweden","10 years","Number","979",""
"2014","Sweden","20 years","Number","418",""
"2014","Sweden","30 years or over","Number","1,194",""
"2014","United Kingdom","Less than 1 year","Number","72",""
"2014","United Kingdom","Less than 5 years","Number","19,155",""
"2014","United Kingdom","10 years","Number","5,820",""
"2014","United Kingdom","20 years","Number","2,862",""
"2014","United Kingdom","30 years or over","Number","9,764",""
"2014","Iceland","Less than 1 year","Number",":",""
"2014","Iceland","Less than 5 years","Number",":",""
"2014","Iceland","10 years","Number",":",""
"2014","Iceland","20 years","Number",":",""
"2014","Iceland","30 years or over","Number",":",""
"2014","Liechtenstein","Less than 1 year","Number",":",""
"2014","Liechtenstein","Less than 5 years","Number",":",""
"2014","Liechtenstein","10 years","Number",":",""
"2014","Liechtenstein","20 years","Number",":",""
"2014","Liechtenstein","30 years or over","Number",":",""
"2014","Norway","Less than 1 year","Number","2",""
"2014","Norway","Less than 5 years","Number","1,286",""
"2014","Norway","10 years","Number","447",""
"2014","Norway","20 years","Number","214",""
"2014","Norway","30 years or over","Number","762",""
"2014","Switzerland","Less than 1 year","Number","45",""
"2014","Switzerland","Less than 5 years","Number","2,084",""
"2014","Switzerland","10 years","Number","739",""
"2014","Switzerland","20 years","Number","414",""
"2014","Switzerland","30 years or over","Number","1,479",""
"2015","Belgium","Less than 1 year","Number",":",""
"2015","Belgium","Less than 5 years","Number",":",""
"2015","Belgium","10 years","Number",":",""
"2015","Belgium","20 years","Number",":",""
"2015","Belgium","30 years or over","Number",":",""
"2015","Bulgaria","Less than 1 year","Number","50",""
"2015","Bulgaria","Less than 5 years","Number","1,402",""
"2015","Bulgaria","10 years","Number","400",""
"2015","Bulgaria","20 years","Number","311",""
"2015","Bulgaria","30 years or over","Number","1,112",""
"2015","Czech Republic","Less than 1 year","Number","44",""
"2015","Czech Republic","Less than 5 years","Number","3,692",""
"2015","Czech Republic","10 years","Number","1,045",""
"2015","Czech Republic","20 years","Number","635",""
"2015","Czech Republic","30 years or over","Number","2,272",""
"2015","Denmark","Less than 1 year","Number","151",""
"2015","Denmark","Less than 5 years","Number","2,924",""
"2015","Denmark","10 years","Number","770",""
"2015","Denmark","20 years","Number","386",""
"2015","Denmark","30 years or over","Number","815",""
"2015","Germany (including former GDR)","Less than 1 year","Number","19",""
"2015","Germany (including former GDR)","Less than 5 years","Number","19,687",""
"2015","Germany (including former GDR)","10 years","Number","6,946",""
"2015","Germany (including former GDR)","20 years","Number","4,302",""
"2015","Germany (including former GDR)","30 years or over","Number","13,830",""
"2015","Estonia","Less than 1 year","Number","28",""
"2015","Estonia","Less than 5 years","Number","823",""
"2015","Estonia","10 years","Number","124",""
"2015","Estonia","20 years","Number","52",""
"2015","Estonia","30 years or over","Number","362",""
"2015","Ireland","Less than 1 year","Number",":",""
"2015","Ireland","Less than 5 years","Number",":",""
"2015","Ireland","10 years","Number",":",""
"2015","Ireland","20 years","Number",":",""
"2015","Ireland","30 years or over","Number",":",""
"2015","Greece","Less than 1 year","Number",":",""
"2015","Greece","Less than 5 years","Number",":",""
"2015","Greece","10 years","Number",":",""
"2015","Greece","20 years","Number",":",""
"2015","Greece","30 years or over","Number",":",""
"2015","Spain","Less than 1 year","Number","241",""
"2015","Spain","Less than 5 years","Number","11,369",""
"2015","Spain","10 years","Number","3,700",""
"2015","Spain","20 years","Number","2,488",""
"2015","Spain","30 years or over","Number","12,078",""
"2015","France","Less than 1 year","Number",":",""
"2015","France","Less than 5 years","Number",":",""
"2015","France","10 years","Number",":",""
"2015","France","20 years","Number",":",""
"2015","France","30 years or over","Number",":",""
"2015","France (metropolitan)","Less than 1 year","Number",":",""
"2015","France (metropolitan)","Less than 5 years","Number",":",""
"2015","France (metropolitan)","10 years","Number",":",""
"2015","France (metropolitan)","20 years","Number",":",""
"2015","France (metropolitan)","30 years or over","Number",":",""
"2015","Croatia","Less than 1 year","Number","30",""
"2015","Croatia","Less than 5 years","Number","914",""
"2015","Croatia","10 years","Number","228",""
"2015","Croatia","20 years","Number","169",""
"2015","Croatia","30 years or over","Number","605",""
"2015","Italy","Less than 1 year","Number","6",""
"2015","Italy","Less than 5 years","Number","2,676",""
"2015","Italy","10 years","Number","3,241",""
"2015","Italy","20 years","Number","2,507",""
"2015","Italy","30 years or over","Number","13,769",""
"2015","Cyprus","Less than 1 year","Number",":",""
"2015","Cyprus","Less than 5 years","Number",":",""
"2015","Cyprus","10 years","Number",":",""
"2015","Cyprus","20 years","Number",":",""
"2015","Cyprus","30 years or over","Number",":",""
"2015","Latvia","Less than 1 year","Number","19",""
"2015","Latvia","Less than 5 years","Number","1,010",""
"2015","Latvia","10 years","Number","214",""
"2015","Latvia","20 years","Number","77",""
"2015","Latvia","30 years or over","Number","546",""
"2015","Lithuania","Less than 1 year","Number","76",""
"2015","Lithuania","Less than 5 years","Number","1,902",""
"2015","Lithuania","10 years","Number","330",""
"2015","Lithuania","20 years","Number","195",""
"2015","Lithuania","30 years or over","Number","877",""
"2015","Luxembourg","Less than 1 year","Number","0",""
"2015","Luxembourg","Less than 5 years","Number","144",""
"2015","Luxembourg","10 years","Number","81",""
"2015","Luxembourg","20 years","Number","35",""
"2015","Luxembourg","30 years or over","Number","105",""
"2015","Hungary","Less than 1 year","Number","50",""
"2015","Hungary","Less than 5 years","Number","2,798",""
"2015","Hungary","10 years","Number","832",""
"2015","Hungary","20 years","Number","577",""
"2015","Hungary","30 years or over","Number","1,870",""
"2015","Malta","Less than 1 year","Number",":",""
"2015","Malta","Less than 5 years","Number",":",""
"2015","Malta","10 years","Number",":",""
"2015","Malta","20 years","Number",":",""
"2015","Malta","30 years or over","Number",":",""
"2015","Netherlands","Less than 1 year","Number","90",""
"2015","Netherlands","Less than 5 years","Number","5,164",""
"2015","Netherlands","10 years","Number","1,270",""
"2015","Netherlands","20 years","Number","890",""
"2015","Netherlands","30 years or over","Number","3,065",""
"2015","Austria","Less than 1 year","Number",":",""
"2015","Austria","Less than 5 years","Number",":",""
"2015","Austria","10 years","Number",":",""
"2015","Austria","20 years","Number",":",""
"2015","Austria","30 years or over","Number",":",""
"2015","Poland","Less than 1 year","Number","28",""
"2015","Poland","Less than 5 years","Number","8,996",""
"2015","Poland","10 years","Number","2,520",""
"2015","Poland","20 years","Number","1,591",""
"2015","Poland","30 years or over","Number","7,066",""
"2015","Portugal","Less than 1 year","Number",":",""
"2015","Portugal","Less than 5 years","Number",":",""
"2015","Portugal","10 years","Number",":",""
"2015","Portugal","20 years","Number",":",""
"2015","Portugal","30 years or over","Number",":",""
"2015","Romania","Less than 1 year","Number","213",""
"2015","Romania","Less than 5 years","Number","5,684",""
"2015","Romania","10 years","Number","1,391",""
"2015","Romania","20 years","Number","707",""
"2015","Romania","30 years or over","Number","1,930",""
"2015","Slovenia","Less than 1 year","Number","10",""
"2015","Slovenia","Less than 5 years","Number","429",""
"2015","Slovenia","10 years","Number","77",""
"2015","Slovenia","20 years","Number","63",""
"2015","Slovenia","30 years or over","Number","319",""
"2015","Slovakia","Less than 1 year","Number","9",""
"2015","Slovakia","Less than 5 years","Number","1,196",""
"2015","Slovakia","10 years","Number","345",""
"2015","Slovakia","20 years","Number","305",""
"2015","Slovakia","30 years or over","Number","952",""
"2015","Finland","Less than 1 year","Number","15",""
"2015","Finland","Less than 5 years","Number","3,140",""
"2015","Finland","10 years","Number","541",""
"2015","Finland","20 years","Number","270",""
"2015","Finland","30 years or over","Number","898",""
"2015","Sweden","Less than 1 year","Number","143",""
"2015","Sweden","Less than 5 years","Number","6,686",""
"2015","Sweden","10 years","Number","950",""
"2015","Sweden","20 years","Number","406",""
"2015","Sweden","30 years or over","Number","1,152",""
"2015","United Kingdom","Less than 1 year","Number",":",""
"2015","United Kingdom","Less than 5 years","Number",":",""
"2015","United Kingdom","10 years","Number",":",""
"2015","United Kingdom","20 years","Number",":",""
"2015","United Kingdom","30 years or over","Number",":",""
"2015","Iceland","Less than 1 year","Number",":",""
"2015","Iceland","Less than 5 years","Number",":",""
"2015","Iceland","10 years","Number",":",""
"2015","Iceland","20 years","Number",":",""
"2015","Iceland","30 years or over","Number",":",""
"2015","Liechtenstein","Less than 1 year","Number",":",""
"2015","Liechtenstein","Less than 5 years","Number",":",""
"2015","Liechtenstein","10 years","Number",":",""
"2015","Liechtenstein","20 years","Number",":",""
"2015","Liechtenstein","30 years or over","Number",":",""
"2015","Norway","Less than 1 year","Number","2",""
"2015","Norway","Less than 5 years","Number","1,292",""
"2015","Norway","10 years","Number","407",""
"2015","Norway","20 years","Number","223",""
"2015","Norway","30 years or over","Number","669",""
"2015","Switzerland","Less than 1 year","Number","45",""
"2015","Switzerland","Less than 5 years","Number","2,106",""
"2015","Switzerland","10 years","Number","753",""
"2015","Switzerland","20 years","Number","440",""
"2015","Switzerland","30 years or over","Number","858",""
